{
    "total_capital": "5000",
    "botstart_datetime": "2021-12-10 20:26:37.101447",
    "historicProfitIncFees_Percent": -4.8114133668779955,
    "historicProfitIncFees_Total": -240.57066834389974,
    "tradeWins": 59,
    "tradeLosses": 30,
    "market_startprice": 48885.88
}